Date;Time;CO(GT);PT08.S1(CO);NMHC(GT);C6H6(GT);PT08.S2(NMHC);NOx(GT);PT08.S3(NOx);NO2(GT);PT08.S4(NO2);PT08.S5(O3);T;RH;AH
10/03/2004;18.00.00;2,6;1360;150;11,88172349;1045,5;166;1056,25;113;1692;1267,5;13,5999999;48,87500095;0,757753825
10/03/2004;19.00.00;2;1292,25;112;9,39716489;954,75;103;1173,75;92;1558,75;972,25;13,29999995;47,69999981;0,725487449
10/03/2004;20.00.00;2,2;1402;88;8,997816871;939,25;131;1140;114;1554,5;1074;11,9000001;53,97500038;0,750239067
10/03/2004;21.00.00;2,2;1375,5;80;9,228796421;948,25;172;1092;122;1583,75;1203,25;11;60;0,786712533
10/03/2004;22.00.00;1,6;1272,25;51;6,518223669;835,5;131;1205;116;1490;1110;11,1500001;59,57500076;0,788794232
10/03/2004;23.00.00;1,2;1197;38;4,741012362;750,25;89;1336,5;96;1393;949,25;11,17500019;59,17500019;0,784771664
11/03/2004;00.00.00;1,2;1185;31;3,62439919;689,5;62;1461,75;77;1332,75;732,5;11,32499981;56,77499962;0,760311939
11/03/2004;01.00.00;1;1136,25;31;3,326676992;672;62;1453,25;76;1332,75;729,5;10,67499995;60;0,770238458
11/03/2004;02.00.00;0,9;1094;24;2,339416195;608,5;45;1579;60;1276;619,5;10,6500001;59,67499924;0,764818726
11/03/2004;03.00.00;0,6;1009,75;19;1,696658258;560,75;0;1705;0;1234,75;501,25;10,25000024;60,20000076;0,751657165
11/03/2004;04.00.00;0;1011;14;1,293619757;526,75;21;1817,5;34;1196,75;445,25;10,07500005;60,47499943;0,746494516
11/03/2004;05.00.00;0,7;1066;8;1,133430571;512;16;1918;28;1182;421,75;10,99999976;56,17500019;0,7365596
11/03/2004;06.00.00;0,7;1051,75;16;1,60376788;553,25;34;1738,25;48;1221,25;471,5;10,45000005;58,125;0,735295083
11/03/2004;07.00.00;1,1;1144;29;3,243618147;667;98;1489,75;82;1339;729,75;10,20000005;59,59999943;0,741736163
11/03/2004;08.00.00;2;1333,25;64;8,013772987;899,75;174;1136;112;1517;1101,5;10,75;57,42500019;0,740794576
11/03/2004;09.00.00;2,2;1351;87;9,540642925;960,25;129;1079;101;1582,75;1027,75;10,5;60,59999847;0,769110793
11/03/2004;10.00.00;1,7;1233,25;77;6,335782437;827,25;112;1218;98;1445,75;859,75;10,79999995;58,35000038;0,755183083
11/03/2004;11.00.00;1,5;1178,75;43;4,971583761;762;95;1327,5;92;1361,75;670,5;10,49999976;57,92500019;0,73516078
11/03/2004;12.00.00;1,6;1236;61;5,216919;774,25;104;1301,25;95;1401,25;664;9,524999857;66,77499866;0,795053789
11/03/2004;13.00.00;1,9;1285,5;63;7,269933358;868,5;146;1162,25;112;1536,75;799;8,299999833;76,42500114;0,839268068
11/03/2004;14.00.00;2,9;1371;164;11,53900721;1033,5;207;983,25;128;1730,25;1036,5;8;81,14999962;0,873588534
11/03/2004;15.00.00;2,2;1310;79;8,826222726;932,5;184;1081,75;126;1646,5;946,25;8,325000167;79,79999924;0,877784445
11/03/2004;16.00.00;2,2;1291,75;95;8,301413417;911,5;193;1102,5;131;1590,75;956,75;9,700000048;71,15000153;0,856938128
11/03/2004;17.00.00;2,9;1383;150;11,15158122;1019,75;243;1008;135;1718,75;1104;9,775000095;67,62499809;0,818501207
11/03/2004;18.00.00;4,8;1580,75;307;20,79921686;1318,5;281;798,5;151;2083;1408,5;10,3499999;64,17499924;0,806543633
11/03/2004;19.00.00;6,9;1775,5;461;27,35980749;1487,75;383;702,25;172;2332,5;1704;9,650000095;69,30000114;0,831921144
11/03/2004;20.00.00;6,1;1640;401;24,01775694;1404;351;742,75;165;2191,25;1653,75;9,649999857;67,75;0,813313935
11/03/2004;21.00.00;3,9;1312,75;197;12,77936825;1076,25;240;957,25;136;1706,5;1284,75;9,125;63,97499943;0,741924224
11/03/2004;22.00.00;1,5;964,5;61;4,707071919;748,5;94;1325,25;85;1332,5;821;8,175000191;63,39999962;0,690484447
11/03/2004;23.00.00;1;912,75;26;2,64572151;629,25;47;1564,5;53;1252,25;551,75;8,249999881;60,82499886;0,66574436
12/03/2004;00.00.00;1,7;1080,25;55;5,854801514;805;122;1253,5;97;1375;815,5;8,325000286;58,52500057;0,64376361
12/03/2004;01.00.00;1,9;1043,75;53;6,37429751;829;133;1247,25;110;1378,25;831,5;7,725000143;59,67499924;0,63076606
12/03/2004;02.00.00;1,4;987,75;40;4,132341795;718;82;1395,5;91;1303,5;691,5;7,125;61,79999924;0,627597369
12/03/2004;03.00.00;0,8;888,75;21;1,869444635;574,25;0;1680,25;0;1187;512;6,975000024;62,27499962;0,626107528
12/03/2004;04.00.00;0;831;10;1,068292612;505,75;21;1892,75;32;1133,75;384;6,100000024;65,90000153;0,624753632
12/03/2004;05.00.00;0,6;847,25;7;1,022414599;501,25;30;1894,5;44;1154,75;394;6,274999976;64,97500038;0,623282321
12/03/2004;06.00.00;0,8;927;17;1,830431226;571,25;56;1684,75;71;1222,75;486,5;6,75;62,94999981;0,623427539
12/03/2004;07.00.00;1,4;1090,5;33;4,359340997;730,25;109;1387;104;1360,75;748,25;6,449999928;65,07500172;0,631628114
12/03/2004;08.00.00;4,4;1587;202;17,8655867;1235,5;307;896,5;141;1900,25;1400,25;7,325000048;63,14999962;0,649933139
12/03/2004;09.00.00;0;1544,5;0;22,07416206;1353;0;767,25;0;2058;1587,75;9,225000024;56,19999886;0,656065119
12/03/2004;10.00.00;3,1;1350,25;208;14,02701137;1117,5;187;912;122;1711,75;1237;13,2249999;41,74999905;0,631950131
12/03/2004;11.00.00;2,7;1262,75;166;11,64564656;1037,25;216;969;143;1598,25;1166,5;14,32500005;38,44999981;0,624304294
12/03/2004;12.00.00;2,1;1206,25;114;10,22466214;986;143;1034,5;113;1537;959;15,0250001;36,5;0,619532323
12/03/2004;13.00.00;2,5;1251,5;140;11,03993604;1015,75;160;1007,5;116;1592,75;983;16,10000014;34,47499943;0,62616474
12/03/2004;14.00.00;2,7;1287;169;12,8164462;1077,5;163;948,75;123;1660,25;1060,75;16,27500057;35,72500038;0,656030612
12/03/2004;15.00.00;2,9;1352,75;185;14,17385118;1122,25;190;921,75;126;1740;1139,25;15,82500005;37,02499962;0,66096114
12/03/2004;16.00.00;2,8;1309;165;12,6905681;1073,25;178;954;120;1657,25;1112,25;15,87499976;37,17500019;0,665728525
12/03/2004;17.00.00;2,4;1274;133;11,73840542;1040,5;150;1005,75;119;1609,75;993,75;16,87500024;34,34999943;0,654908514
12/03/2004;18.00.00;3,9;1509,5;233;19,29097489;1276,5;206;812,25;149;1909,75;1409,5;15,14999986;39,55000019;0,676626508
12/03/2004;19.00.00;3,7;1525,25;242;18,22617829;1246;202;821;145;1846,75;1447,75;14,39999986;43,42500019;0,70844976
12/03/2004;20.00.00;6,6;1843;488;32,55627835;1609,75;340;624;170;2390,25;1886,5;12,875;50,52500057;0,747803219
12/03/2004;21.00.00;4,4;1597,75;333;20,09294356;1299;274;752;149;1940,5;1626,75;12,14999986;53,34999943;0,753620223
12/03/2004;22.00.00;3,5;1483,5;215;14,32134242;1127;253;839;139;1723;1491;10,97500014;59,12500095;0,773980003
12/03/2004;23.00.00;5,4;1677,25;367;21,81286507;1346;300;740,5;134;2062;1657;9,674999952;64,62499905;0,777073943
13/03/2004;00.00.00;2,7;1279,5;122;9,638999815;964;193;962,5;113;1543,5;1285,25;9,450000286;64,125;0,759746528
13/03/2004;01.00.00;1,9;1196,25;67;7,375139468;873;139;1071,25;97;1463,25;1144,25;9,149999857;63,90000153;0,742276413
13/03/2004;02.00.00;1,6;1183,75;43;5,36960417;781,75;83;1176,25;82;1364,5;1042,75;8,799999952;63,92499828;0,725615371
13/03/2004;03.00.00;1,7;1171,75;46;5,39010394;782,75;0;1178,5;0;1379,75;995,5;7,800000072;67,52499962;0,717312115
13/03/2004;04.00.00;0;1147;56;6,199041963;821;109;1132,25;83;1411,75;991,5;7;71,07500076;0,715778469
13/03/2004;05.00.00;1;978,25;30;2,577932199;624,75;62;1420,25;65;1274,25;819,25;8,299999952;63,57499981;0,69815462
13/03/2004;06.00.00;1,2;1099,5;27;2,908548009;646,25;53;1406,25;60;1267,5;835;7,200000048;67,47500038;0,688672147
13/03/2004;07.00.00;1,5;1112,25;47;5,136255829;770,25;139;1228;77;1408,5;939,75;6,349999905;71,89999962;0,693198559
13/03/2004;08.00.00;2,7;1335,5;132;11,8171386;1043,25;256;935,25;96;1678;1191,75;6,450000167;71,55000114;0,69447548
13/03/2004;09.00.00;3,7;1408,333333;239;15,1401612;1153;295;830,3333333;119;1776,666667;1411;9,566666603;59,66666794;0,712366561
13/03/2004;10.00.00;3,2;1447;160;12,9130631;1080,75;250;868,5;126;1666,75;1465;12,375;51,17500019;0,733458385
13/03/2004;11.00.00;4,1;1541,5;283;16,13350884;1183,75;296;808,25;158;1779,75;1582,5;15,64999986;42,19999981;0,745093758
13/03/2004;12.00.00;3,6;1451,25;210;14,01930102;1117,25;239;875,25;161;1679,25;1387,25;18,4000001;33,82499981;0,70896357
13/03/2004;13.00.00;2,8;1328,25;154;12,27966408;1059,25;153;986,5;124;1599,5;1100,5;19,35000038;31,2750001;0,695008105
13/03/2004;14.00.00;2;1206,5;112;8,618412577;924,25;118;1087,75;102;1488,25;849,75;18,02499962;34,80000019;0,712673874
13/03/2004;15.00.00;2;1239,5;108;9,19656674;947;119;1049;116;1531,75;947;18,375;33,64999962;0,704207021
13/03/2004;16.00.00;2,5;1306;111;10,24488708;986,75;138;1004;124;1554;1078;17,625;35,10000038;0,701203251
13/03/2004;17.00.00;2,3;1326;97;10,61184446;1000,25;148;975,5;125;1601,5;1083,75;16,67500019;37,79999924;0,711736404
13/03/2004;18.00.00;3,2;1472,75;191;15,45220996;1162,75;227;830,5;148;1779;1394,75;16,0999999;41,02499962;0,745131494
13/03/2004;19.00.00;4,2;1609;258;19,63678466;1286,25;277;757,5;165;1922;1611,5;15,82500005;42,40000057;0,756914328
13/03/2004;20.00.00;4,2;1610,75;284;19,20272792;1274;279;754,25;161;1915;1697,25;15,6500001;44,10000038;0,778640655
13/03/2004;21.00.00;4,2;1620,5;269;18,26931036;1247,25;283;762;159;1860;1885,5;15,32500005;46,77500057;0,809124429
13/03/2004;22.00.00;3,1;1444,25;180;13,1447043;1088,5;214;844;143;1747,5;1623,75;14,64999986;48,625;0,805969414
13/03/2004;23.00.00;2,6;1418;116;10,87336715;1009,75;172;892;130;1603;1536,25;14,70000029;49,27500057;0,819336124
14/03/2004;00.00.00;2,9;1533,5;93;10,96345796;1013;190;888,5;129;1610,75;1534,75;13,94999981;53,60000038;0,84977172
14/03/2004;01.00.00;2,8;1483,5;131;11,86017852;1044,75;174;879,75;119;1624,25;1529,75;14,64999986;51,5;0,853623133
14/03/2004;02.00.00;2,5;1366,75;92;8,624678823;924,5;128;952,5;104;1543;1337;12,54999995;58,90000057;0,853740074
14/03/2004;03.00.00;2,4;1344;132;9,737786457;967,75;0;920,5;0;1619,75;1278,25;11,64999986;63,42500019;0,867449232
14/03/2004;04.00.00;0;1129,5;56;5,191654203;773;70;1130,25;82;1451,75;1050,5;12,0999999;61,10000134;0,860316213
14/03/2004;05.00.00;1,2;1062;32;3,650423146;691;53;1271,5;70;1376,75;929;11,47500014;63,10000038;0,853275383
14/03/2004;06.00.00;1;1075,75;29;2,481341935;618,25;44;1395,25;63;1333;872,25;11,5999999;62,15000057;0,847263626
14/03/2004;07.00.00;0,9;1028,25;27;2,429984402;614,75;74;1383,5;67;1340;853;10,39999986;67,64999866;0,85299873
14/03/2004;08.00.00;1,4;1154,5;36;4,210510136;722,25;101;1224,75;84;1413,75;959,25;11,57499981;62,67499924;0,853038223
14/03/2004;09.00.00;1,6;1235,25;57;6,352276711;828;118;1055,25;83;1527;1093,25;12,42499995;60;0,862715127
14/03/2004;10.00.00;2,2;1331,5;129;8,587110475;923;144;951,75;98;1613,75;1225;14,5250001;53,07499981;0,872781622
14/03/2004;11.00.00;2,8;1444,75;148;10,85953517;1009,25;176;878,25;114;1696;1355,25;16,87500048;46,09999943;0,878931094
14/03/2004;12.00.00;2,8;1415,5;145;10,65981566;1002;161;906,75;119;1676,5;1261,5;19,30000019;38,25;0,847404802
14/03/2004;13.00.00;2;1281,25;93;7,540072456;880;113;1083,75;104;1525;980;21,17499971;31,44999981;0,781195717
14/03/2004;14.00.00;1,8;1207,25;84;7,504598795;878,5;103;1103,5;102;1489,5;872,25;21,42499971;30,19999981;0,761591877
14/03/2004;15.00.00;1,9;1257,75;99;8,160112925;905,75;112;1081,25;107;1511;900,25;21,92500019;28,95000029;0,752458955
14/03/2004;16.00.00;3;1457,75;150;11,86735832;1045;170;973,75;129;1646;1098,5;22,2249999;28,39999962;0,751627324
14/03/2004;17.00.00;2,9;1437,75;156;12,03300475;1050,75;180;942,5;128;1667,5;1206,25;21,29999971;30,75;0,769615492
14/03/2004;18.00.00;2,5;1477,75;122;12,16332331;1055,25;160;929,25;121;1670,75;1262,25;19,6500001;36,69999981;0,830706132
14/03/2004;19.00.00;4,6;1807,5;262;20,57171488;1312,25;261;753,25;157;1992,75;1697,75;18,37499952;41,72500038;0,873195771
14/03/2004;20.00.00;5,9;1898;341;23,14212581;1381,25;325;680,5;173;2102,75;1904,75;17,625;46,09999943;0,920953536
14/03/2004;21.00.00;3,4;1559,5;214;14,72045341;1139,75;217;783,75;146;1817,5;1648;16,6500001;49,57500076;0,931990047
14/03/2004;22.00.00;2,1;1324,25;100;9,004199247;939,5;146;923,5;121;1587;1422,75;16,25;50,95000076;0,934147213
14/03/2004;23.00.00;2,2;1348,75;79;8,838885079;933;152;933;119;1616,5;1348,75;14,72500014;55,92500019;0,931385622
15/03/2004;00.00.00;1,8;1238,75;66;7,357560375;872,25;104;985;99;1546,5;1250,25;14,82500005;54,67500114;0,916354325
15/03/2004;01.00.00;1,8;1239;73;6,918207216;853,25;106;1010,25;93;1543,25;1173,75;14,04999995;57;0,909448937
15/03/2004;02.00.00;1,8;1223,75;66;6,958191196;855;108;998,25;88;1565,75;1148,75;13,35000014;61,34999943;0,936085703
15/03/2004;03.00.00;1,1;1078,25;44;4,42986293;734;0;1128,25;0;1486,75;1020,5;12,5999999;63,47499943;0,923017422
15/03/2004;04.00.00;0;1077,5;44;3,995924293;710,5;66;1150;71;1467,5;1012,75;12,3499999;65,35000038;0,935112287
15/03/2004;05.00.00;1;1074,5;39;3,865914338;703,25;88;1155,75;74;1463,75;1010;11,89999986;67,44999886;0,937538177
15/03/2004;06.00.00;1,4;1156,75;51;6,38532009;829,5;138;1029,5;80;1584;1083;11,375;70,52499962;0,947516224
15/03/2004;07.00.00;2,2;1314;107;9,685046807;965,75;228;896,75;89;1710,25;1234,75;11,32499981;70,20000076;0,940095096
15/03/2004;08.00.00;5,5;1796,75;336;25,87045766;1451;360;652;114;2323;1679,5;12,4000001;63,87500095;0,916954694
15/03/2004;09.00.00;8,1;1961,25;618;36,69206253;1701;478;536,75;149;2665,25;2184,25;14,77499986;54,32499981;0,907609536
15/03/2004;10.00.00;5,8;1770,5;438;26,63602476;1470;394;621,5;157;2261,5;1973;17,4000001;45,64999962;0,899298171
15/03/2004;11.00.00;4,2;1563,5;334;20,11092309;1299,5;319;709,75;155;2029;1798,25;19,80000019;38,52500057;0,880059991
15/03/2004;12.00.00;3,1;1430;221;14,0964858;1119,75;201;830,5;134;1783,25;1522;22,0250001;34,05000019;0,890368519
15/03/2004;13.00.00;2,9;1417,25;207;14,92571923;1146,25;171;829,5;119;1830,5;1404;23,32499981;32,17499924;0,90959922
15/03/2004;14.00.00;2,9;1400,25;191;15,43614147;1162,25;159;838,25;111;1828,5;1263,25;23,875;29,97500038;0,875658529
15/03/2004;15.00.00;2,5;1317,25;185;12,09085022;1052,75;153;926;104;1706,75;1137;24,44999981;28,9000001;0,873591912
15/03/2004;16.00.00;2,3;1317,75;141;11,52482024;1033;143;949,75;99;1675;1068;24,375;29,39999962;0,884761712
15/03/2004;17.00.00;2,8;1445,25;214;14,75983347;1141;156;856,5;110;1823,5;1251,5;23,8499999;31,32500076;0,913735211
15/03/2004;18.00.00;6,1;1917;471;32,14884368;1600,5;314;631,25;162;2447;1843,25;22,54999924;35,37500095;0,954699821
15/03/2004;19.00.00;8;2039,75;685;39,20233968;1754,25;404;542,25;187;2679;2122,25;20,42500067;42,5;1,008631334
15/03/2004;20.00.00;6,5;1894,75;538;30,96130506;1573,25;320;565;165;2442,75;1991,5;18,2750001;52,62500095;1,094518093
15/03/2004;21.00.00;4,2;1594,5;319;19,89562146;1293,5;256;678,25;145;2057,5;1707;16,6500001;57,375;1,078626891
15/03/2004;22.00.00;3,2;1438,5;224;15,31585505;1158,5;193;764,25;125;1856,25;1494,25;15,69999981;60,15000057;1,065371555
15/03/2004;23.00.00;1,4;1141,5;67;6,895403347;852,25;89;1008,25;101;1547,25;1164,25;15,25000024;61,44999886;1,057955499
16/03/2004;00.00.00;2,1;1303,666667;155;11,13992917;1019,333333;127;852,3333333;103;1731,333333;1271,666667;14,0666666;65,69999949;1,049372403
16/03/2004;01.00.00;1,2;1074,25;49;5,405500616;783,5;79;1097,75;88;1483;1039,75;14,82500005;60,55000114;1,014819466
16/03/2004;02.00.00;0,8;968;29;2,810688037;640;43;1319,5;61;1385,75;866,75;14,75;59,22499943;0,987908111
16/03/2004;03.00.00;0,7;929,25;25;2,325061547;607,5;0;1375,5;0;1364,25;825,75;13,62499976;62,05000019;0,963554996
16/03/2004;04.00.00;0;941;25;2,589178303;625,5;59;1315,75;59;1373,25;839,75;12,32499981;66,15000057;0,945036195
16/03/2004;05.00.00;0,6;937;17;2,008742635;584,75;38;1411,5;52;1348;792,5;12,75;63,22500038;0,928289804
16/03/2004;06.00.00;0,9;1017;27;3,482689325;681,25;82;1245,75;64;1417,5;869,5;11,17499995;68,47500038;0,908107123
16/03/2004;07.00.00;1,3;1171,25;50;5,131232181;770;99;1161,75;70;1466,75;930;10,97500014;66,5;0,87052295
16/03/2004;08.00.00;3,4;1541;218;16,17445705;1185;263;770;97;1888,75;1406,5;11,67499995;63,65000057;0,871936588
16/03/2004;09.00.00;3,7;1539,25;285;19,66349386;1287;229;697,5;95;2054,75;1507;13,625;56,29999924;0,874265047
16/03/2004;10.00.00;5,3;1734,75;437;25,0551503;1430,5;396;628,25;150;2211;1843,25;17,82499933;42,875;0,867225463
16/03/2004;11.00.00;4,1;1571;327;20,00314878;1296,5;314;730;162;1972,75;1729;21,44999981;33,32499933;0,841671296
16/03/2004;12.00.00;3,3;1451,75;283;18,34705758;1249,5;217;775,5;154;1868,25;1583,25;24,375;27,35000038;0,823069166
16/03/2004;13.00.00;4;1579;366;22,30858298;1359,25;252;724;161;1997,75;1670,75;25,25000048;26,07500029;0,826380755
16/03/2004;14.00.00;3,8;1466,25;318;20,44477998;1308,75;263;772,5;161;1897;1491,25;25,82500029;23,1500001;0,758936963
16/03/2004;15.00.00;2,8;1279,75;228;14,61042796;1136,25;180;892,75;128;1675,25;1239,75;27;20,20000029;0,709361513
16/03/2004;16.00.00;2,9;1407;201;16,55325434;1196,5;184;905,25;129;1758,75;1313;28,24999952;18,57499981;0,701385739
16/03/2004;17.00.00;2,9;1388,75;199;15,7831831;1173;190;898,25;133;1739;1363,25;27,9749999;19,10000038;0,709825085
16/03/2004;18.00.00;3,4;1447,25;237;17,83994778;1234,75;184;858,75;139;1778;1295,75;23,9000001;25,69999981;0,751891041
16/03/2004;19.00.00;3,9;1551;261;19,09705934;1271;181;800,25;137;1874,5;1432,25;21,3499999;34,77499962;0,872993133
16/03/2004;20.00.00;3,2;1473,5;230;15,76696872;1172,5;166;854,25;143;1776;1431,75;20,42500019;36,67500019;0,870389489
16/03/2004;21.00.00;5,1;1799,5;349;24,87767187;1426;317;700;177;2105,5;2033,5;19,0250001;41,34999943;0,900730731
16/03/2004;22.00.00;2,6;1379,25;183;13,52960473;1101,25;184;817,5;138;1710;1601,75;17,92500019;45,90000057;0,934186045
16/03/2004;23.00.00;1,7;1200,5;88;9,087345627;942,75;130;935;117;1559,75;1361,75;16,70000029;48,92500019;0,922649926
17/03/2004;00.00.00;1,7;1204,75;85;8,630947011;924,75;132;922;107;1546,5;1314,25;15,52499986;52,92500019;0,92712823
17/03/2004;01.00.00;1,2;1071,5;47;5,415775468;784;95;1065,5;90;1441,75;1113,75;15,47500014;51,875;0,90587528
17/03/2004;02.00.00;0,9;997,75;34;4,050256979;713,5;70;1169,25;79;1383,25;991,5;14,125;55,57500076;0,890955806
17/03/2004;03.00.00;0,7;933,25;26;2,581678581;625;0;1291,5;0;1331,5;883,75;13,05000019;57,90000057;0,866633008
17/03/2004;04.00.00;0;882,75;17;1,898934591;576,5;54;1396;60;1303,25;808,25;12,65000033;57,90000057;0,844660353
17/03/2004;05.00.00;0,5;868,75;11;1,606828258;553,5;28;1459,5;40;1267,75;667;11,82499981;58,02500057;0,802631932
17/03/2004;06.00.00;0,5;890,75;18;1,895648214;576,25;46;1416,5;53;1289,25;733;11,9000001;57,39999962;0,797845704
17/03/2004;07.00.00;1,6;1172,75;84;7,486888715;877,75;160;1038;84;1556,25;1051,75;9,900000095;65,19999981;0,795645557
17/03/2004;08.00.00;4,1;1587,25;260;21,35879147;1333,75;320;702,25;108;1998,75;1533,5;11,125;60,20000076;0,795775687
17/03/2004;09.00.00;6,6;1851,5;534;36,44841297;1695,75;377;552,75;127;2535,25;1931;14,12499976;50,02499866;0,801980417
17/03/2004;10.00.00;4,3;1521,5;368;21,2666241;1331,25;280;702,5;134;2025,75;1733,75;17,69999981;40,09999943;0,804829145
17/03/2004;11.00.00;2,9;1438,25;200;15,38797876;1160,75;221;818,5;135;1781,5;1595;21,10000038;33,42500019;0,826486216
17/03/2004;12.00.00;2,5;1393,25;145;12,49907422;1066,75;210;905;142;1654,25;1489,75;24,30000019;28,27500057;0,84712769
17/03/2004;13.00.00;2,8;1452;188;15,10830975;1152;204;860,5;153;1747;1507,5;25,57500029;25,55000019;0,825394883
17/03/2004;14.00.00;2,6;1389,25;152;13,73529005;1108;161;886,5;123;1711,5;1334;25,85000038;25,9000001;0,850339343
17/03/2004;15.00.00;2;1207;103;10,43447407;993,75;135;1013;104;1519,5;1044,75;26,82499981;18,69999981;0,650017745
17/03/2004;16.00.00;2,9;1365,25;193;15,16406855;1153,75;186;939,5;129;1678,5;1221,25;29,2750001;15,75000024;0,630890454
17/03/2004;17.00.00;2,5;1247;134;12,30882302;1060,25;147;1032;114;1524,75;1068,5;28,5;14,9000001;0,570801909
17/03/2004;18.00.00;5;1556,75;386;26,95102501;1477,75;299;793;158;1980,5;1568,5;25,85000038;15,95000029;0,523664583
17/03/2004;19.00.00;7,6;1972,5;577;38,39324611;1737,25;411;616,75;194;2413,75;2305,5;23,125;26,5;0,74026061
17/03/2004;20.00.00;6,7;1974,75;523;35,10363128;1666,5;347;596,75;182;2415,5;2358,5;20,52499962;38,24999905;0,913314177
17/03/2004;21.00.00;5,7;1794,75;472;27,24713083;1485;336;652,5;180;2174;2050;19,05000019;42,60000038;0,929387704
17/03/2004;22.00.00;2,8;1443,75;206;15,04469266;1150;202;769,5;136;1726,5;1726,5;17,1500001;44,12500095;0,85583071
17/03/2004;23.00.00;2,6;1488;216;15,71027437;1170,75;178;731;127;1777,5;1705;16,0250001;50,92499924;0,920598758
18/03/2004;00.00.00;2,3;1371,25;159;12,97267335;1082,75;154;795,75;116;1668,75;1550,5;14,79999995;53,92499924;0,902354487
18/03/2004;01.00.00;1,4;1160,75;70;8,12342212;904,25;92;946,75;107;1502;1240,25;14,27499986;55,44999981;0,897473061
18/03/2004;02.00.00;1;1064,25;44;5,477599159;787;61;1056,75;88;1407;1115;14,75;52,07499981;0,868641877
18/03/2004;03.00.00;0,7;970,25;42;3,581202459;687;0;1195,5;0;1350,5;968,5;13,875;53,875;0,850058903
18/03/2004;04.00.00;0;954;28;2,884931455;644,75;60;1260,25;78;1334;924,75;11,5999999;61,92499924;0,844196282
18/03/2004;05.00.00;0,6;930,5;20;2,548044693;622,75;37;1293,25;57;1306,5;827,75;12;58,85000038;0,823302452
18/03/2004;06.00.00;0,7;938;26;2,971926293;650,25;68;1251,25;71;1332,5;893;10,94999981;62,07499981;0,811276563
18/03/2004;07.00.00;1,5;1166,25;78;7,664791387;885,25;139;1005,25;85;1550,5;1075;10,57500005;63,25;0,806681846
18/03/2004;08.00.00;4,7;1643;319;23,25679956;1384,25;339;667;124;2093,75;1610,25;11,47500014;60,02500057;0,811693424
18/03/2004;09.00.00;6,6;1934;506;35,79057071;1681,5;421;540,5;151;2468,25;2050,5;14,27500033;50,57500076;0,818569924
18/03/2004;10.00.00;4,5;1616,5;0;21,31268654;1332,5;349;685,75;150;2010;1818,5;17,8499999;40,52499962;0,820964333
18/03/2004;11.00.00;2,8;1472,75;0;14,30578638;1126,5;224;830,5;152;1752;1567,75;20,80000067;34,44999981;0,83645626
18/03/2004;12.00.00;2,2;1378,5;0;12,52110631;1067,5;171;898,75;139;1662,5;1373,5;23,8499999;28,17499971;0,821851195
18/03/2004;13.00.00;2,2;1385,25;0;12,19236423;1056,25;149;891;133;1648;1267,5;24,1500001;28,67500019;0,851493361
18/03/2004;14.00.00;2,3;1378,75;0;13,09224479;1086,75;137;901,25;126;1660,25;1143,5;25,15000057;24,85000038;0,782925012
18/03/2004;15.00.00;2,2;1321,666667;0;14,37324794;1128,666667;149;933,6666667;128;1639,333333;1109,333333;27,03333346;17,83333333;0,627469327
18/03/2004;16.00.00;2,8;1495,75;0;16,83563434;1205;172;822;169;1766,5;1347,25;27,12500048;23,12499952;0,818014479
18/03/2004;17.00.00;2,7;1408,75;0;14,45385965;1131,25;166;873;149;1688,5;1205,75;25,80000019;23,92500019;0,783192918
18/03/2004;18.00.00;3,7;1512,75;0;21,5158658;1338;214;764,25;156;1956,5;1397;23,04999971;26,77499962;0,744593318
18/03/2004;19.00.00;5,1;1667;0;26,40333589;1464,25;280;683,25;168;2117,75;1588,25;20,7249999;31,125;0,752286519
18/03/2004;20.00.00;5,1;1666,75;0;25,96061982;1453,25;276;683,5;176;2051;1568,5;18,5999999;36,17500019;0,767639178
18/03/2004;21.00.00;3,2;1430,25;0;14,14288336;1121,25;178;814;135;1731,5;1321,5;16,04999971;48,42500019;0,876780241
18/03/2004;22.00.00;2,1;1333,25;0;10,3056641;989;129;885,25;121;1620,75;1194;14,45000005;57,77500057;0,945557828
18/03/2004;23.00.00;1,7;1261,5;0;8,276765149;910,5;95;948,25;99;1545,25;1061,5;13,05000019;64,17500019;0,960555664
19/03/2004;00.00.00;2;1287,25;0;8,921378917;936,25;126;918;106;1606;1040;11,97499967;69,69999886;0,97351894
19/03/2004;01.00.00;1,6;1134,25;0;6,618666372;840;103;1021,25;96;1501,25;917;11,94999981;71,10000038;0,991470559
19/03/2004;02.00.00;0,9;998,75;0;3,594138291;687,75;48;1228,5;63;1380,25;593,5;12,5250001;69,29999924;1,002870845
19/03/2004;03.00.00;0,7;960,75;0;2,529440504;621,5;0;1381,5;0;1300,75;430,25;12,5250001;67,49999809;0,976822235
19/03/2004;04.00.00;0;933,75;0;1,794977533;568,5;20;1439,75;32;1280,25;397;12,32499981;67,65000153;0,966465601
19/03/2004;05.00.00;0,5;912,75;0;1,268602112;524,5;18;1619,75;28;1260,25;370;12,45000005;66,80000114;0,96203688
19/03/2004;06.00.00;0,7;969,25;0;2,314320289;606,75;56;1372,5;61;1323,75;438;12,34999967;66,30000114;0,948706111
19/03/2004;07.00.00;1,5;1181,5;0;6,731036455;845;115;1054;99;1539;704,25;12,42499971;64,89999962;0,933170176
19/03/2004;08.00.00;4,8;1740,25;0;22,79955571;1372,25;320;670,75;157;2144,25;1475,75;13,0250001;61,62500095;0,920910529
19/03/2004;09.00.00;6,2;1819,25;0;31,31882318;1581,5;357;574,5;166;2455,5;1715,5;13,60000014;58,82500076;0,912017783
19/03/2004;10.00.00;4;1427;0;19,238006;1275;253;700,5;149;1980,25;1398;13,89999986;57,14999962;0,903171037
19/03/2004;11.00.00;3,3;1389,5;0;16,3633884;1190,75;218;758,75;135;1878,75;1267,5;14,4749999;54,40000057;0,891736016
19/03/2004;12.00.00;2,8;1283;0;14,01930102;1117,25;192;813;127;1751;1188,25;15,47500014;50,07499981;0,874442496
19/03/2004;13.00.00;3;1303,5;0;15,25985873;1156,75;176;793;122;1800,5;1170,5;16,12499976;47,57499981;0,865455121
19/03/2004;14.00.00;3,3;1364;0;16,72742509;1201,75;198;770,75;135;1875;1250,25;16,2750001;47,05000019;0,863995498
19/03/2004;15.00.00;3,5;1409,75;0;19,00041493;1268,25;212;724,25;139;1956,5;1344;16,39999962;47,49999905;0,879118203
19/03/2004;16.00.00;4;1476;0;19,41481032;1280;249;708;147;1954,5;1378;16,05000019;50,22500038;0,909370967
19/03/2004;17.00.00;4,6;1522;0;20,86310849;1320,25;270;689,75;158;2005,25;1435,25;16;50,65000057;0,914190929
19/03/2004;18.00.00;4,1;1441,75;0;20,16490281;1301;231;704;146;1952,25;1372,25;15,8499999;50,27499962;0,898908858
19/03/2004;19.00.00;4,5;1469;0;21,74774818;1344,25;251;677,25;144;1996,75;1471;15,47500014;50,625;0,88404696
19/03/2004;20.00.00;3,9;1467,25;0;19,84195049;1292;210;697,5;138;1942;1438,75;15,42499995;51,44999981;0,895625708
19/03/2004;21.00.00;4;1420,5;0;16,74405331;1202,25;249;747,5;143;1854;1428,5;15,20000005;53,12499905;0,911744585
19/03/2004;22.00.00;2,2;1175;0;9,145099271;945;143;903,75;116;1603,5;1080,5;14,70000005;57,57499981;0,957347051
19/03/2004;23.00.00;2,1;1215;0;8,301413417;911,5;127;947,75;109;1546,75;993;14,17499995;58,32499981;0,938021892
20/03/2004;00.00.00;1,7;1126,75;0;5,791191635;802;104;1064;92;1446,5;837;13,7750001;57,94999981;0,908543705
20/03/2004;01.00.00;1,6;1090,25;0;5,191654203;773;86;1105,25;83;1428,5;761;13,89999986;55,94999981;0,884206819
20/03/2004;02.00.00;1,3;1017;0;4,1231866;717,5;74;1181,75;81;1382,25;650,25;13,87499976;55,55000019;0,876487638
20/03/2004;03.00.00;1,3;997,25;0;3,410629499;677;0;1252,25;0;1358,5;590,75;13,82499981;55,10000038;0,866620379
20/03/2004;04.00.00;0;944,75;0;2,908548009;646,25;44;1308;55;1331,5;505;13,79999995;54,60000038;0,857388288
20/03/2004;05.00.00;0,8;955,75;0;3,1492096;661,25;42;1259,75;53;1350,5;518;13,62500024;55,125;0,856018865
20/03/2004;06.00.00;0,8;966,25;0;2,529440504;621,5;63;1316,75;67;1342,25;570,75;13,57499981;58,97500038;0,912884475
20/03/2004;07.00.00;1,1;1064;0;4,307931855;727,5;115;1160,5;91;1461,25;842;13,45000005;58,35000038;0,896023685
20/03/2004;08.00.00;2,1;1299,75;0;8,883264241;934,75;170;902,25;113;1623;1144,75;13,75;58,02500057;0,908269844
20/03/2004;09.00.00;2,4;1348;0;10,54347425;997,75;147;833,75;102;1689;1218,25;14,5999999;53,05000019;0,876531145
20/03/2004;10.00.00;2,6;1424,5;0;12,52110631;1067,5;166;776,25;107;1764;1341;15,0250001;52,32499981;0,888137772
20/03/2004;11.00.00;2,8;1473,75;0;12,33071157;1061;195;767,5;113;1768,25;1405,5;15,4000001;52,05000019;0,904642892
20/03/2004;12.00.00;2,6;1489,75;0;11,68841935;1038,75;182;782,25;108;1756,75;1421,5;16,25000048;49,95000076;0,915812654
20/03/2004;13.00.00;2,6;1494,75;0;11,7241144;1040;168;808,75;105;1735;1373;17,14999962;47,85000134;0,928079286
20/03/2004;14.00.00;2,1;1375,5;0;9,338736658;952,5;125;899,5;93;1636,25;1153,25;19,04999971;42,94999981;0,937023478
20/03/2004;15.00.00;1,7;1304,75;0;7,635017301;884;95;980;87;1573,25;927,25;19,50000048;42,25;0,947579638
20/03/2004;16.00.00;1,6;1282,5;0;6,714129542;844,25;79;1035,5;76;1538,75;766,25;19,50000048;42,32499981;0,949261728
20/03/2004;17.00.00;2,1;1392,25;0;9,724590097;967,25;119;929,75;94;1648,75;941,25;19,05000019;43,79999924;0,955567614
20/03/2004;18.00.00;2,3;1452,25;0;12,38916208;1063;142;855,5;110;1774,25;1146;18,47499943;46,27499962;0,974415794
20/03/2004;19.00.00;3,5;1633;0;16,64438971;1199,25;215;734;136;1918,5;1416,5;17,37500048;51,64999962;1,015916021
20/03/2004;20.00.00;3,9;1624,5;0;16,37162401;1191;229;732,75;139;1885;1442;17,0999999;51,27500057;0,99141492
20/03/2004;21.00.00;3,3;1534,5;0;13,73529005;1108;206;785,25;125;1819,5;1323,25;16,42499971;53,75000095;0,99635055
20/03/2004;22.00.00;2,3;1322,5;0;9,88344956;973,25;147;863,75;111;1712,25;1125;16,22500038;55,35000038;1,013229741
20/03/2004;23.00.00;2,1;1309;0;8,940462338;937;122;904,75;97;1671,5;1035,5;15,92499995;57,65000057;1,035643696
21/03/2004;00.00.00;2,8;1455,5;0;10,57763581;999;175;835;107;1713,75;1202,25;15,7249999;58,59999943;1,039552414
21/03/2004;01.00.00;2,1;1299,5;0;7,351704652;872;133;940,5;90;1577;1054,25;15,125;60,875;1,039813497
21/03/2004;02.00.00;1,6;1202,5;0;6,242660502;823;89;1003,75;84;1525,5;903;15,57500005;56,62499905;0,995073867
21/03/2004;03.00.00;1,6;1194,75;0;6,529351623;836;0;987;0;1554,25;884,5;15,20000005;57,92500019;0,994123411
21/03/2004;04.00.00;0;1116,75;0;5,791191635;802;85;1028,5;87;1538,75;817,75;15,375;57,75;1,002128859
21/03/2004;05.00.00;1,1;1061,75;0;3,995924293;710,5;55;1135,75;66;1460,75;700;14,9000001;60,55000019;1,019649369
21/03/2004;06.00.00;0,7;947;0;2,130370432;593,6666667;24;1300;36;1390;580,3333333;14,46666654;62,9666659;1,031616683
21/03/2004;07.00.00;0,8;1065;0;3,585512194;687,25;72;1142,5;62;1492,25;814,5;14,1500001;66,20000267;1,062981061
21/03/2004;08.00.00;1,2;1154,5;0;4,42986293;734;122;1061,75;91;1528;1035;14,4749999;65,29999924;1,07041104
21/03/2004;09.00.00;1,4;1220,25;0;5,364484431;781,5;111;995,75;89;1559,75;1067,25;15,29999995;62,12500095;1,072957956
21/03/2004;10.00.00;1,7;1300,75;0;7,113334198;861,75;123;913,5;93;1633;1114;16,32500029;59,00000095;1,086838365
21/03/2004;11.00.00;1,8;1279,25;0;7,299092626;869,75;106;911,25;81;1646,25;1000;18,87499952;49,57499981;1,069972729
21/03/2004;12.00.00;1,8;1267;0;7,605292633;882,75;103;952,75;82;1616,75;905,75;19,375;46,05000019;1,024916621
21/03/2004;13.00.00;1,9;1238,75;0;6,793183479;847,75;102;980,5;80;1567,5;822,25;20,7750001;41,62500095;1,009132844
21/03/2004;14.00.00;1,3;1128,25;0;4,586705931;742,25;48;1143,75;48;1506,5;610,25;21,375;40,27499962;1,012596863
21/03/2004;15.00.00;1,6;1242,75;0;8,418919081;916,25;63;962;61;1668,5;656,75;21,2249999;39,29999924;0,979146957
21/03/2004;16.00.00;1,9;1208;0;6,91250324;853;98;1059,75;89;1506,25;646,75;20,27499962;38,02500057;0,894213941
21/03/2004;17.00.00;2,3;1306,25;0;8,953194276;937,5;132;960,75;105;1606,5;762;19,4000001;41,29999924;0,92060895
21/03/2004;18.00.00;3,8;1545,5;0;15,0764869;1151;173;769,25;116;1873,75;1122;18,52499962;43,80000019;0,92515101
21/03/2004;19.00.00;3,5;1501;0;12,60939998;1070,5;185;823;119;1744,25;1130,25;17,7750001;48,05000114;0,968889456
21/03/2004;20.00.00;4,3;1604,75;0;15,1401612;1153;266;769,25;144;1840;1636,75;17,89999962;46,85000038;0,952044499
21/03/2004;21.00.00;2,8;1315,5;0;9,890092509;973,5;188;883,25;123;1672,5;1272,25;17,42500019;49,10000038;0,968767965
21/03/2004;22.00.00;1,9;1195;0;7,977364527;898,25;122;933,25;105;1594,25;1098;16,97500038;51,67500114;0,991390723
21/03/2004;23.00.00;1,9;1211;0;7,928929906;896,25;112;920,25;93;1624;1066,25;16,39999962;55,10000038;1,019777143
22/03/2004;00.00.00;1,7;1161,25;0;6,074365814;815,25;93;995,25;86;1582,25;909;16,12500048;60,02500057;1,091937922
22/03/2004;01.00.00;1,5;1095,25;0;5,071111975;767;74;1050,25;76;1547;818,25;15,82499981;60,52499962;1,080477313
22/03/2004;02.00.00;0,6;897;0;1,71865285;562,5;23;1416,5;33;1355;472,25;16,32500052;56,95000076;1,04907535
22/03/2004;03.00.00;0,4;842;0;0,710517574;468;0;1812,75;0;1274,25;393,5;16,92499971;53,90000057;1,030856269
22/03/2004;04.00.00;0;853,75;0;0,829014439;481,25;17;1755,5;27;1304;396,25;16,10000014;55,90000057;1,015304131
22/03/2004;05.00.00;0,3;845;0;0,747676455;472,25;15;1785,75;23;1278;378,25;16,5250001;53,87499905;1,004939362
22/03/2004;06.00.00;0,6;941,5;0;2,02560937;586;41;1479,5;46;1372,5;432;16,375;53,99999905;0,997854689
22/03/2004;07.00.00;1,2;1090,25;0;5,096125348;768,25;86;1072;76;1537,75;699;15,67499995;57,64999962;1,019486173
22/03/2004;08.00.00;3,6;1514,25;0;17,68644401;1230,25;226;732;116;1996,25;1252,25;15,79999995;53,69999981;0,957133027
22/03/2004;09.00.00;3,7;1378,75;0;18,42494551;1251,75;214;711;115;1961,75;1236,75;17,375;42,09999943;0,828074791
22/03/2004;10.00.00;1,8;1074,25;0;6,941043176;854,25;115;1031,75;83;1483,5;772;17,9000001;38,35000038;0,779314999
22/03/2004;11.00.00;1,6;1089,75;0;7,252461688;867,75;124;1025,75;87;1509;765,75;18,54999971;36,69999981;0,776380675
22/03/2004;12.00.00;1,9;1109,5;0;9,645572228;964,25;122;947,25;90;1576,5;828,75;21;29,55000019;0,72625099
22/03/2004;13.00.00;2;1101,75;0;10,44807267;994,25;107;954,75;87;1598,75;783;21,3499999;28,14999962;0,706678839
22/03/2004;14.00.00;2,2;1099,5;0;11,17256799;1020,5;133;951,75;99;1607;822;21,30000019;26,125;0,653860335
22/03/2004;15.00.00;2,1;1093,75;0;10,67353866;1002,5;130;965;99;1573,75;813;21,25;26,77499962;0,668101901
22/03/2004;16.00.00;2,3;1075,5;451;11,55320162;1034;150;964,25;101;1544,25;812,5;21,32499981;24,17500019;0,60597224
22/03/2004;17.00.00;2,6;1151,75;185;12,3526167;1061,75;138;928;103;1606,25;849,5;20,22500038;28,5;0,668178382
22/03/2004;18.00.00;3,8;1406,75;426;18,33841205;1249,25;213;720;129;1931,75;1275,75;16,9749999;43,07500076;0,826398721
22/03/2004;19.00.00;4,4;1437,5;672;21,02778471;1324,75;232;677,5;143;1992,5;1400,75;15,5999999;47,42499924;0,834715253
22/03/2004;20.00.00;4,5;1424,5;624;21,04611613;1325,25;238;678;146;1965;1355,75;15,2750001;47,42500019;0,817783435
22/03/2004;21.00.00;3,3;1278,5;325;14,45385965;1131,25;180;775,25;124;1758,25;1243;14,52499986;49,72499943;0,817693173
22/03/2004;22.00.00;2;1131,75;143;8,418919081;916,25;128;920;113;1560,5;1082,5;13,92499995;52;0,823093236
22/03/2004;23.00.00;1,1;1006,25;89;4,331267414;728,75;65;1141,75;80;1369,5;795;14,47499967;49,44999981;0,810594572
23/03/2004;00.00.00;0,9;982,25;73;3,799388372;699,5;53;1204,25;72;1358,75;735;13,79999995;51,39999962;0,807138413
23/03/2004;01.00.00;0,8;968,5;48;2,744960464;635,75;47;1271;64;1309,25;684;14,00000024;51,32499981;0,816299781
23/03/2004;02.00.00;0,7;940,5;47;2,525726643;621,25;51;1298,25;70;1329,75;714,25;12,95000005;56,77499866;0,844361518
23/03/2004;03.00.00;0,5;892;36;1,243793053;522,25;0;1522,25;0;1284,5;456;11,04999995;70,04999924;0,9214782
23/03/2004;04.00.00;0;855;25;0,796957826;477,75;20;1700,75;31;1261,25;401,25;10,07500029;76,82500076;0,948316547
